,Random Forest,Decision Tree,Gradient Boosting,Linear Regression,K-Neighbors Classifier,XGBClassifier,CatBoosting Classifier,AdaBoost Classifier
Random Forest,0.974723700897042,0.9670794580213689,0.9753231334819044,-1020848761.9308609,0.7410872820020997,0.9735291272328475,0.9716763221853354,0.9629077997945004
Decision Tree,0.974723700897042,0.9670794580213689,0.9753231334819044,-1020848761.9308609,0.7410872820020997,0.9735291272328475,0.9716763221853354,0.9629077997945004
Gradient Boosting,0.974723700897042,0.9670794580213689,0.9753231334819044,-1020848761.9308609,0.7410872820020997,0.9735291272328475,0.9716763221853354,0.9629077997945004
Linear Regression,0.974723700897042,0.9670794580213689,0.9753231334819044,-1020848761.9308609,0.7410872820020997,0.9735291272328475,0.9716763221853354,0.9629077997945004
K-Neighbors Classifier,0.974723700897042,0.9670794580213689,0.9753231334819044,-1020848761.9308609,0.7410872820020997,0.9735291272328475,0.9716763221853354,0.9629077997945004
XGBClassifier,0.974723700897042,0.9670794580213689,0.9753231334819044,-1020848761.9308609,0.7410872820020997,0.9735291272328475,0.9716763221853354,0.9629077997945004
CatBoosting Classifier,0.974723700897042,0.9670794580213689,0.9753231334819044,-1020848761.9308609,0.7410872820020997,0.9735291272328475,0.9716763221853354,0.9629077997945004
AdaBoost Classifier,0.974723700897042,0.9670794580213689,0.9753231334819044,-1020848761.9308609,0.7410872820020997,0.9735291272328475,0.9716763221853354,0.9629077997945004
